{"numpy_multiply": 1.0198749951086938e-06, "my_multiply": 7.592933403793723e-05}